{
  "accuracy": [
    0.40869981050491333,
    0.4674603044986725,
    0.4974752366542816,
    0.5181528329849243,
    0.5271234512329102,
    0.5423848628997803,
    0.552399218082428,
    0.5535557866096497,
    0.5614262819290161,
    0.5645857453346252,
    0.5324832797050476,
    0.6570001840591431,
    0.7069875001907349,
    0.7390335202217102,
    0.7646195888519287,
    0.7847048044204712,
    0.8026460409164429,
    0.816609799861908,
    0.8315890431404114,
    0.8472453355789185,
    0.8563570380210876,
    0.8680357933044434,
    0.8917317986488342,
    0.9036080241203308,
    0.9132838845252991,
    0.9234393239021301,
    0.9267680048942566,
    0.939970076084137,
    0.9451888799667358,
    0.9509718418121338,
    0.9534260630607605,
    0.9566137194633484,
    0.9611554741859436,
    0.9637789726257324,
    0.9666563272476196,
    0.9688284397125244,
    0.9703517556190491,
    0.9713109135627747,
    0.9724110960960388,
    0.9732855558395386,
    0.9743292927742004,
    0.9762475490570068,
    0.9771502614021301,
    0.976586103439331,
    0.976416826248169,
    0.9772630929946899,
    0.9769245982170105,
    0.9787582159042358,
    0.9788146615028381,
    0.9788428544998169,
    0.9797455668449402,
    0.9798019528388977,
    0.9802815318107605,
    0.9796609282493591,
    0.9805918335914612,
    0.9805353879928589,
    0.9790403246879578,
    0.9794634580612183,
    0.979407012462616,
    0.9805918335914612,
    0.9807328581809998,
    0.9820869565010071,
    0.9800840616226196,
    0.9814381003379822
  ],
  "loss": [
    1.5963329076766968,
    1.3455349206924438,
    1.2588753700256348,
    1.2123315334320068,
    1.181404948234558,
    1.1524901390075684,
    1.1326205730438232,
    1.1167824268341064,
    1.1115378141403198,
    1.1012202501296997,
    1.1705026626586914,
    0.8948177099227905,
    0.7722613215446472,
    0.6872165203094482,
    0.6315658092498779,
    0.577524721622467,
    0.5296913981437683,
    0.49341556429862976,
    0.4561863839626312,
    0.4136790633201599,
    0.38764244318008423,
    0.355106383562088,
    0.29456397891044617,
    0.2621854841709137,
    0.2357969433069229,
    0.2145363688468933,
    0.203543558716774,
    0.16962426900863647,
    0.15040457248687744,
    0.1397545337677002,
    0.13320085406303406,
    0.1227046549320221,
    0.1126537173986435,
    0.10313024371862411,
    0.09774959832429886,
    0.09377151727676392,
    0.08767452090978622,
    0.08279508352279663,
    0.07792218029499054,
    0.07801959663629532,
    0.07679682224988937,
    0.06870989501476288,
    0.06898022443056107,
    0.06810993701219559,
    0.06955726444721222,
    0.06719429790973663,
    0.06686761230230331,
    0.06376822292804718,
    0.06416726857423782,
    0.06136776879429817,
    0.05990462750196457,
    0.06052744761109352,
    0.05906929075717926,
    0.058047231286764145,
    0.059927236288785934,
    0.057588934898376465,
    0.06224088743329048,
    0.05772517994046211,
    0.05965084210038185,
    0.05726514384150505,
    0.05666957423090935,
    0.054290786385536194,
    0.05673087015748024,
    0.055585939437150955
  ],
  "val_accuracy": [
    0.43370509147644043,
    0.5063647627830505,
    0.5255153775215149,
    0.553903341293335,
    0.5714768767356873,
    0.5655063390731812,
    0.5828545689582825,
    0.5940069556236267,
    0.5854455232620239,
    0.5989636182785034,
    0.5893883109092712,
    0.6824377775192261,
    0.7129660844802856,
    0.7232173085212708,
    0.750253438949585,
    0.7527318000793457,
    0.7638841867446899,
    0.7503660917282104,
    0.7547594904899597,
    0.7667004466056824,
    0.7521685361862183,
    0.7725582718849182,
    0.7777402400970459,
    0.77638840675354,
    0.7727835774421692,
    0.779317319393158,
    0.7781908512115479,
    0.7774022817611694,
    0.7803311944007874,
    0.7815703749656677,
    0.7824715375900269,
    0.7824715375900269,
    0.7832601070404053,
    0.7844992876052856,
    0.7838233709335327,
    0.7854004502296448,
    0.7849498987197876,
    0.7816830277442932,
    0.7854004502296448,
    0.7833727598190308,
    0.7820209264755249,
    0.7840486764907837,
    0.7864143252372742,
    0.7854004502296448,
    0.7848372459411621,
    0.7844992876052856,
    0.78776615858078,
    0.7873155474662781,
    0.7876535058021545,
    0.7873155474662781,
    0.7884420156478882,
    0.7886673212051392,
    0.7881041169166565,
    0.7870902419090271,
    0.7884420156478882,
    0.7872028946876526,
    0.7876535058021545,
    0.7868649363517761,
    0.7869775891304016,
    0.7868649363517761,
    0.7872028946876526,
    0.7878788113594055,
    0.7878788113594055,
    0.7872028946876526
  ],
  "val_loss": [
    1.37318754196167,
    1.1936924457550049,
    1.1749041080474854,
    1.1011203527450562,
    1.0737205743789673,
    1.0783404111862183,
    1.0522522926330566,
    1.0104378461837769,
    1.0351065397262573,
    1.003620982170105,
    1.078682780265808,
    0.8274087309837341,
    0.7507011890411377,
    0.737376868724823,
    0.6711760759353638,
    0.6767969131469727,
    0.6570183038711548,
    0.6921109557151794,
    0.7098592519760132,
    0.6763140559196472,
    0.7601850628852844,
    0.7229911088943481,
    0.7095014452934265,
    0.7295787334442139,
    0.7673203349113464,
    0.7774679660797119,
    0.788461446762085,
    0.789198637008667,
    0.8070811033248901,
    0.8177717924118042,
    0.8359898924827576,
    0.8525347113609314,
    0.8602099418640137,
    0.8642624616622925,
    0.8726364970207214,
    0.8886790871620178,
    0.8909566402435303,
    0.8984527587890625,
    0.8993692994117737,
    0.9112945199012756,
    0.9187119603157043,
    0.9219592213630676,
    0.9214184880256653,
    0.922814130783081,
    0.9245516657829285,
    0.9276250004768372,
    0.9251737594604492,
    0.9274420738220215,
    0.9294835329055786,
    0.9324596524238586,
    0.9347455501556396,
    0.9380989074707031,
    0.9382719397544861,
    0.9386976957321167,
    0.9400843381881714,
    0.9411200881004333,
    0.9418360590934753,
    0.9423591494560242,
    0.942835807800293,
    0.9431150555610657,
    0.9435235261917114,
    0.9433487057685852,
    0.9434899687767029,
    0.9442989826202393
  ]
}